{
    "Addon": {
        "EnchantSetting": {
            "amplifier": 1
        },
        "PackResourceSortData": {
            "16384_sliver_x_singularity_group_config": {
                "createTime": 1747619864.9854007,
                "modifyTime": 1747908230.53457
            },
            "16384_sliver_x_sliver_x_armor_group_config": {
                "createTime": 1747628967.7322986,
                "modifyTime": 1747628999.0168648
            },
            "1_sliver_x:endest_pearl": {
                "createTime": 1747670494.7400172,
                "modifyTime": 1747671647.309347
            },
            "1_sliver_x:gaping_void": {
                "createTime": 1747670494.7400172,
                "modifyTime": 1747672537.0157607
            },
            "1_sliver_x:heaven_arrow": {
                "createTime": 1747670494.7389364,
                "modifyTime": 1747671925.6885736
            },
            "1_sliver_x:sub_heaven_arrow": {
                "createTime": 1747670494.7400172,
                "modifyTime": 1747671920.232945
            },
            "2_sliver_x:cosmic_meatballs": {
                "createTime": 1747631319.1261315,
                "modifyTime": 1747631415.1237998
            },
            "2_sliver_x:crystal_matrix_ingot": {
                "createTime": 1747631319.1261315,
                "modifyTime": 1747631319.1261315
            },
            "2_sliver_x:diamond_lattice": {
                "createTime": 1747631319.1261315,
                "modifyTime": 1747631319.1261315
            },
            "2_sliver_x:endest_pearl": {
                "createTime": 1747631319.1261315,
                "modifyTime": 1747670820.4219668
            },
            "2_sliver_x:infinity_boots": {
                "createTime": 1747619895.4077618,
                "modifyTime": 1747671315.4418032
            },
            "2_sliver_x:infinity_bow": {
                "createTime": 1747619864.9854007,
                "modifyTime": 1747671281.8104658
            },
            "2_sliver_x:infinity_catalyst": {
                "createTime": 1747631319.1261315,
                "modifyTime": 1747631319.1261315
            },
            "2_sliver_x:infinity_chestplate": {
                "createTime": 1747619864.9854007,
                "modifyTime": 1747671289.497157
            },
            "2_sliver_x:infinity_helmet": {
                "createTime": 1747619864.9854007,
                "modifyTime": 1747671299.8115304
            },
            "2_sliver_x:infinity_ingot": {
                "createTime": 1747631319.1261315,
                "modifyTime": 1747631319.1261315
            },
            "2_sliver_x:infinity_leggings": {
                "createTime": 1747619864.9854007,
                "modifyTime": 1747671304.938776
            },
            "2_sliver_x:infinity_sword": {
                "createTime": 1747619864.9854007,
                "modifyTime": 1747671310.2795606
            },
            "2_sliver_x:matter_cluster": {
                "createTime": 1747631319.1271284,
                "modifyTime": 1747631319.1271284
            },
            "2_sliver_x:matter_cluster.full": {
                "createTime": 1747631319.1261315,
                "modifyTime": 1747631319.1261315
            },
            "2_sliver_x:neutron_nugget": {
                "createTime": 1747631319.1261315,
                "modifyTime": 1747631319.1261315
            },
            "2_sliver_x:neutron_pile": {
                "createTime": 1747619864.9854007,
                "modifyTime": 1747619864.9854007
            },
            "2_sliver_x:neutronium_ingot": {
                "createTime": 1747631319.1261315,
                "modifyTime": 1747631374.1772225
            },
            "2_sliver_x:record_fragment": {
                "createTime": 1747631319.1261315,
                "modifyTime": 1747631319.1261315
            },
            "2_sliver_x:ultimate_stew": {
                "createTime": 1747631319.1261315,
                "modifyTime": 1747631319.1261315
            },
            "4_sliver_x:collect": {
                "createTime": 1747619864.9854007,
                "modifyTime": 1747619864.9854007
            },
            "4_sliver_x:compress": {
                "createTime": 1747619864.9854007,
                "modifyTime": 1747619864.9854007
            },
            "4_sliver_x:compressed_crafting_table": {
                "createTime": 1747631319.1271284,
                "modifyTime": 1747631319.1271284
            },
            "4_sliver_x:crystal_matrix": {
                "createTime": 1747631319.1271284,
                "modifyTime": 1747631319.1271284
            },
            "4_sliver_x:double_compressed_crafting_table": {
                "createTime": 1747631319.1271284,
                "modifyTime": 1747631319.1271284
            },
            "4_sliver_x:extreme_crafting_table": {
                "createTime": 1747631319.1271284,
                "modifyTime": 1747631319.1271284
            },
            "4_sliver_x:infinity_block": {
                "createTime": 1747631319.1271284,
                "modifyTime": 1747631319.1271284
            },
            "4_sliver_x:neutronium_block": {
                "createTime": 1747631319.1271284,
                "modifyTime": 1747631319.1271284
            },
            "524288_book": {
                "createTime": 1747908666.8266008,
                "modifyTime": 1747908666.834586
            },
            "8192_sliver_x_sliver_x_ava_category_config": {
                "createTime": 1747619864.9854007,
                "modifyTime": 1747631847.5774784
            },
            "8_emmmm_avaritia:compressed_crafting_table_2": {
                "createTime": 1747713260.8447213,
                "modifyTime": 1747713260.8447213
            },
            "8_emmmm_avaritia:crystal_matrix": {
                "createTime": 1747713260.8486981,
                "modifyTime": 1747713260.8486981
            },
            "8_emmmm_avaritia:crystal_matrix_ingot": {
                "createTime": 1747713260.8520977,
                "modifyTime": 1747713260.8520977
            },
            "8_emmmm_avaritia:crystal_matrix_ingot_2": {
                "createTime": 1747713260.8549016,
                "modifyTime": 1747713260.8549016
            },
            "8_emmmm_avaritia:diamond_lattice": {
                "createTime": 1747713260.8571885,
                "modifyTime": 1747713260.8571885
            },
            "8_emmmm_avaritia:double_compressed_crafting_table": {
                "createTime": 1747713260.8594089,
                "modifyTime": 1747713260.8594089
            },
            "8_emmmm_avaritia:extreme_crafting_table": {
                "createTime": 1747713260.8628092,
                "modifyTime": 1747713260.8628092
            },
            "8_emmmm_avaritia:infinity_block": {
                "createTime": 1747713260.86432,
                "modifyTime": 1747713260.86432
            },
            "8_emmmm_avaritia:infinity_ingot": {
                "createTime": 1747713260.8669665,
                "modifyTime": 1747713260.8669665
            },
            "8_emmmm_avaritia:neutron_nugget": {
                "createTime": 1747713260.8757138,
                "modifyTime": 1747713260.8757138
            },
            "8_emmmm_avaritia:neutron_nugget_2": {
                "createTime": 1747713260.8779168,
                "modifyTime": 1747713260.8779168
            },
            "8_emmmm_avaritia:neutron_pile": {
                "createTime": 1747713260.8800914,
                "modifyTime": 1747713260.8800914
            },
            "8_emmmm_avaritia:neutronium_block": {
                "createTime": 1747713260.8692122,
                "modifyTime": 1747713260.8692122
            },
            "8_emmmm_avaritia:neutronium_ingot": {
                "createTime": 1747713260.8712885,